"","Accipiter nisus","Actitis hypoleucos","Aegithalos caudatus","Alauda arvensis","Alcedo atthis","Anas crecca","Anas platyrhynchos","Anser anser","Anthus trivialis","Apus apus","Ardea cinerea","Branta canadensis","Buteo buteo","Carduelis carduelis","Certhia brachydactyla","Certhia familiaris","Charadrius dubius","Chloris chloris","Ciconia ciconia","Coccothraustes coccothraustes","Columba livia","Columba oenas","Columba palumbus","Corvus corax","Corvus cornix","Corvus corone","Corvus frugilegus","Corvus monedula","Curruca curruca","Cyanistes caeruleus","Delichon urbicum","Dendrocopos major","Dendrocoptes medius","Dryobates minor","Dryocopus martius","Emberiza citrinella","Erithacus rubecula","Falco tinnunculus","Ficedula hypoleuca","Fringilla coelebs","Fulica atra","Gallinula chloropus","Garrulus glandarius","Hirundo rustica","Larus michahellis","Lophophanes cristatus","Motacilla alba","Motacilla cinerea","Motacilla flava","Muscicapa striata","Nycticorax nycticorax","Oriolus oriolus","Parus major","Passer domesticus","Passer montanus","Periparus ater","Phasianus colchicus","Phoenicurus ochruros","Phoenicurus phoenicurus","Phylloscopus collybita","Pica pica","Picus viridis","Poecile palustris","Prunella modularis","Pyrrhula pyrrhula","Rallus aquaticus","Regulus ignicapilla","Regulus regulus","Serinus serinus","Sitta europaea","Spinus spinus","Streptopelia decaocto","Strix aluco","Sturnus vulgaris","Sylvia atricapilla","Sylvia borin","Tachybaptus ruficollis","Tringa nebularia","Tringa ochropus","Troglodytes troglodytes","Turdus merula","Turdus philomelos","Turdus pilaris","Turdus viscivorus","Upupa epops","Vanellus vanellus"
"GR_1",0,0,0,0,0,0,0,1,1,1,0,0,0,1,1,0,0,1,0,0,1,0,0,0,1,1,1,0,0,1,0,1,0,0,0,0,1,0,0,1,1,0,1,0,0,0,1,1,0,0,0,0,1,0,0,0,0,1,0,0,1,1,0,0,0,1,1,0,0,0,0,1,0,0,0,0,0,0,0,0,1,1,0,1,0,0
"GR_11",0,0,0,0,0,0,0,0,0,0,1,0,0,1,1,0,0,1,0,1,1,0,1,0,1,1,1,0,0,1,0,1,0,0,0,0,1,0,0,1,1,1,0,0,0,0,0,0,0,0,0,0,1,0,0,0,0,0,0,1,0,1,1,0,0,0,1,0,0,1,0,0,0,0,0,0,0,0,0,0,1,1,1,1,1,0
"GR_12",0,0,1,0,0,0,1,0,1,1,1,0,0,1,1,0,0,1,0,1,1,1,1,0,1,1,0,0,0,1,0,1,0,0,0,0,1,0,0,1,1,1,1,0,0,0,0,1,0,0,0,0,1,0,0,1,1,0,0,1,1,1,0,0,0,0,1,0,0,1,1,0,0,0,1,0,0,0,1,0,1,1,1,1,0,0
"GR_13",0,0,1,0,0,1,0,1,0,0,0,0,0,1,1,0,0,1,0,1,0,0,0,0,1,0,1,0,0,1,0,1,0,1,0,1,1,0,0,0,1,0,1,0,1,0,0,1,0,0,0,0,1,0,0,1,0,1,0,1,0,1,1,0,0,0,1,0,0,1,0,0,0,0,1,0,0,0,1,0,1,1,0,1,1,0
"GR_14",0,0,1,0,0,0,1,0,1,0,1,1,0,1,1,1,0,1,0,1,1,0,1,0,1,1,1,0,0,1,1,1,1,0,1,0,1,1,0,1,1,1,1,0,0,0,0,1,0,0,0,0,1,0,0,1,0,1,1,1,1,1,0,0,0,0,1,0,0,1,1,0,0,0,0,0,0,0,0,0,1,1,1,0,0,0
"GR_16",0,0,1,0,0,1,1,1,0,0,0,0,0,1,1,0,0,1,0,1,1,1,1,0,1,1,1,0,0,1,0,1,1,1,1,0,1,0,0,1,1,1,1,0,0,0,0,0,0,0,0,0,1,0,0,0,0,0,0,1,0,1,1,0,1,0,1,0,0,1,0,0,0,0,1,0,0,0,1,1,1,1,1,0,1,0
"GR_17",0,0,1,0,1,0,0,1,0,0,0,0,1,1,1,0,0,0,0,1,0,0,1,0,1,1,0,0,0,1,0,1,0,0,0,0,1,0,0,1,1,0,0,0,0,0,0,1,0,0,0,0,1,0,0,0,0,0,0,1,0,1,1,0,0,0,0,0,0,0,1,1,0,0,1,0,0,0,0,1,0,1,1,0,0,0
"GR_18",1,0,1,0,0,1,1,1,1,1,1,0,1,0,1,0,0,1,0,1,0,1,1,1,1,1,0,0,0,1,0,1,0,0,0,0,1,0,0,1,1,1,1,0,0,1,0,1,0,0,0,0,1,0,0,1,0,0,0,1,0,1,1,0,0,1,1,0,0,1,1,0,0,0,1,0,0,0,0,1,1,1,1,1,0,1
"GR_19",0,0,0,0,1,1,0,0,1,0,1,0,1,1,1,1,0,1,0,1,0,1,1,0,1,1,0,0,0,1,0,1,0,1,1,0,1,0,0,1,1,0,1,0,0,1,0,0,0,0,0,0,1,0,0,1,0,0,1,1,0,1,1,1,1,0,1,1,0,1,1,0,0,0,1,0,0,1,0,1,1,1,0,1,0,1
"GR_2",0,0,0,0,0,0,0,0,1,0,0,0,0,1,1,0,0,1,0,1,0,0,1,0,1,1,1,0,0,1,0,1,0,0,0,0,1,0,0,1,0,1,0,0,0,1,0,0,0,0,0,0,1,0,0,1,0,1,0,1,1,1,1,0,1,0,1,0,0,0,1,0,0,0,1,0,0,0,0,0,1,1,0,0,1,0
"GR_21",1,0,1,0,0,0,0,0,1,0,1,0,0,1,1,0,0,1,0,1,1,0,1,0,1,1,1,0,0,1,0,1,1,0,0,0,1,0,0,1,1,1,1,0,0,0,0,1,0,0,0,0,1,0,0,1,0,1,0,1,0,1,1,0,0,0,1,1,0,1,0,0,0,0,1,0,0,0,0,0,1,1,1,1,1,1
"GR_24",0,0,1,0,0,1,0,0,1,0,1,0,1,1,1,1,0,1,0,1,0,1,1,1,1,1,0,0,0,1,0,1,0,1,0,0,1,0,0,1,1,1,1,0,0,1,0,0,0,0,0,0,1,0,1,1,0,1,0,1,1,1,0,1,1,0,1,1,1,1,1,0,0,0,1,0,0,0,1,1,1,1,0,1,0,1
"GR_25",0,0,0,0,0,0,0,0,0,1,0,0,0,0,0,0,0,1,0,0,1,0,0,0,0,1,0,0,0,0,0,0,0,0,0,0,0,0,0,0,0,0,0,0,0,0,0,0,0,0,0,0,0,0,0,0,1,1,0,0,0,0,0,0,0,0,0,0,0,0,0,1,1,0,0,0,0,0,0,0,0,0,0,0,0,0
"GR_26",0,0,0,0,0,0,0,0,0,1,0,0,0,1,0,0,0,0,0,0,1,0,1,0,1,1,0,0,0,0,0,1,0,0,0,0,0,0,0,0,0,0,0,0,0,0,0,0,0,0,0,0,1,0,0,0,0,0,0,0,0,0,0,0,0,0,0,0,0,0,0,1,0,0,0,0,0,0,0,0,0,0,0,0,0,0
"GR_27",0,0,0,0,0,0,0,0,0,1,0,0,0,0,0,0,0,0,0,0,1,0,0,1,1,1,1,0,0,0,0,0,0,0,0,0,0,0,0,0,0,0,0,0,0,0,0,0,0,0,0,0,0,0,0,0,0,0,1,1,0,1,0,0,0,0,0,0,0,0,0,0,0,0,0,0,0,0,0,0,0,0,0,0,0,0
"GR_28",0,1,0,0,0,0,0,0,1,0,0,0,0,1,1,0,0,1,0,1,1,0,0,0,1,1,1,0,0,1,0,1,0,0,1,0,1,0,1,0,0,0,0,0,0,0,0,0,0,1,0,0,1,0,0,0,0,1,0,1,1,0,0,0,0,0,0,0,0,0,0,0,0,0,0,0,0,0,0,0,1,1,1,0,0,0
"GR_29",0,0,0,0,0,0,0,0,0,1,0,0,0,1,1,0,0,1,0,1,1,0,1,0,1,1,1,0,0,1,0,1,0,0,0,0,0,0,0,1,0,0,0,0,0,0,0,1,0,1,0,0,1,1,0,0,0,1,0,1,0,1,0,0,0,0,0,0,0,0,0,0,1,0,1,0,0,0,1,0,1,1,0,0,1,0
"GR_3",0,0,0,0,0,0,0,0,0,0,0,0,0,1,1,0,0,1,0,1,0,0,1,0,1,1,1,0,0,1,0,1,0,0,0,0,1,0,0,1,0,0,0,0,0,0,0,0,0,0,0,0,1,0,0,0,0,1,0,1,0,1,0,0,0,0,1,0,0,0,0,0,0,0,1,0,0,0,0,0,1,1,0,0,0,0
"GR_30",0,1,0,0,0,0,0,0,1,1,0,0,0,1,1,0,0,0,0,0,0,0,1,0,0,1,0,0,0,0,0,0,0,0,0,0,0,0,0,0,0,0,0,0,0,0,0,0,0,0,0,0,0,0,0,0,0,0,0,0,0,0,0,0,0,0,0,0,0,0,0,0,1,0,0,0,0,0,0,0,0,0,0,0,0,0
"GR_31",0,0,0,0,0,0,0,0,0,1,0,0,0,1,0,0,0,1,0,1,1,0,0,0,0,1,1,0,0,0,0,1,0,0,0,0,1,0,0,1,0,0,0,0,0,0,0,1,0,0,1,0,1,0,0,0,0,1,0,0,0,1,0,0,0,0,0,0,0,0,0,0,1,0,0,0,0,0,0,0,1,1,0,0,0,0
"GR_32",0,0,0,0,0,0,0,0,0,1,0,0,0,1,1,0,0,1,0,1,0,0,1,0,1,1,1,0,0,1,0,1,0,0,0,0,1,0,0,0,0,0,0,0,0,0,0,1,0,1,0,0,1,0,0,0,0,1,0,0,1,1,0,0,0,0,0,0,0,1,0,1,1,0,0,0,0,0,1,0,1,0,0,0,0,0
"GR_33",0,0,0,0,0,0,0,0,1,1,1,0,1,1,1,0,0,1,0,1,1,0,1,0,1,1,1,0,0,1,1,1,0,0,0,0,1,1,1,0,0,0,1,1,0,0,0,1,0,0,0,0,1,0,0,0,0,1,1,1,1,1,1,0,0,0,0,0,0,1,0,0,0,0,0,0,0,0,1,0,1,1,1,0,0,0
"GR_34",0,0,0,0,0,0,0,0,0,0,0,0,0,0,0,0,0,0,0,0,0,0,1,0,0,0,0,0,0,0,0,0,0,0,0,0,0,0,0,0,0,0,0,0,0,0,0,0,0,0,0,0,0,0,0,0,0,0,0,0,0,1,0,0,1,0,1,0,0,0,0,0,0,0,0,0,0,0,0,0,0,1,0,0,0,0
"GR_35",0,1,0,0,0,0,0,0,1,1,0,0,0,1,0,0,0,1,0,0,1,0,0,0,1,1,1,0,1,1,1,0,0,0,0,0,0,1,1,0,0,0,0,0,0,0,1,0,0,0,0,0,1,1,0,0,0,1,1,0,1,0,0,0,0,0,1,0,0,0,0,1,1,0,1,0,0,0,1,0,1,1,0,0,1,0
"GR_36",0,1,0,0,0,0,0,0,1,0,0,0,0,1,0,0,0,1,0,1,0,0,0,0,0,0,1,0,0,0,0,1,0,0,0,1,1,1,1,1,0,0,0,1,0,0,1,0,1,1,0,0,1,0,0,0,1,0,0,1,1,1,1,0,0,0,0,0,0,0,1,1,0,0,0,0,0,0,1,0,1,0,1,0,0,0
"GR_37",0,0,0,0,0,0,0,0,1,1,1,0,1,1,1,0,0,1,1,1,1,0,1,0,0,1,1,1,0,1,0,1,0,0,0,0,1,1,0,1,0,0,1,1,0,0,1,0,0,0,0,0,1,1,1,0,0,1,1,1,1,1,0,0,0,0,0,0,0,1,0,0,1,0,1,0,0,0,1,0,1,1,0,0,0,0
"GR_39",0,1,0,0,0,0,0,0,1,0,1,0,1,1,1,0,1,0,0,1,0,0,1,0,0,1,0,0,0,1,1,1,1,0,0,1,1,1,1,1,0,1,1,0,0,1,1,0,1,1,0,1,1,0,0,0,1,0,1,1,0,1,1,0,0,0,0,0,0,1,0,0,0,0,1,0,0,0,1,0,1,1,1,0,0,1
"GR_40",0,0,0,0,0,0,0,0,1,1,0,0,0,1,0,0,0,0,0,0,1,0,1,0,1,1,0,0,0,0,0,1,0,0,0,0,0,0,0,1,0,0,0,0,0,0,0,0,0,1,0,0,0,0,0,0,0,0,0,0,1,1,0,0,0,0,0,0,0,0,0,0,1,0,0,0,0,0,0,0,1,1,0,0,0,0
"GR_41",0,0,0,0,0,0,0,0,0,1,0,0,0,0,1,0,0,1,0,0,1,0,1,0,0,1,1,0,0,1,0,1,0,0,0,0,1,0,0,1,0,0,0,0,0,0,0,0,0,1,0,0,1,0,0,0,0,0,0,1,1,1,0,0,0,0,1,0,0,0,0,1,1,0,0,0,0,0,0,0,1,1,0,0,0,0
"GR_42",0,0,0,0,0,1,0,0,0,1,1,0,0,1,0,0,0,1,0,0,0,0,0,1,1,1,1,0,0,1,1,0,0,0,0,0,1,0,0,0,1,0,0,0,1,0,0,0,0,0,0,0,0,0,0,0,0,1,0,0,0,1,0,0,0,0,0,0,0,0,0,0,0,0,0,0,0,0,0,0,1,1,1,0,0,0
"GR_43",0,0,0,0,0,0,0,0,1,1,1,0,0,1,1,0,0,1,0,1,1,0,1,0,1,1,1,0,0,1,1,1,0,0,0,0,0,1,0,1,0,0,1,0,0,0,0,1,0,1,0,0,1,0,0,0,1,1,0,0,0,1,1,0,0,0,0,0,0,1,0,1,0,0,1,0,0,0,0,0,1,0,0,0,0,0
"GR_44",0,0,1,0,0,0,0,0,0,1,1,0,0,1,1,0,0,1,0,1,0,0,0,0,1,1,1,0,0,1,1,1,0,0,0,0,1,1,0,0,0,1,0,0,0,0,0,1,0,1,0,0,1,0,0,0,0,1,0,1,1,1,1,0,0,0,0,0,0,0,0,0,1,0,1,0,0,0,1,0,1,1,0,0,0,0
"GR_45",0,0,0,0,0,0,0,0,1,1,1,0,0,0,1,0,0,1,0,0,1,0,1,0,0,1,1,0,0,1,0,1,0,0,0,0,0,0,0,0,0,0,0,0,0,0,0,0,0,0,0,0,0,0,0,0,0,0,0,1,1,1,0,0,0,0,0,0,0,0,0,0,1,0,0,0,0,0,0,0,0,0,0,0,0,0
"GR_46",0,0,0,0,0,0,0,0,1,1,1,0,0,1,0,0,0,1,0,1,1,0,1,0,1,1,1,0,0,1,1,1,0,1,0,1,1,0,0,0,1,1,0,0,0,0,1,0,0,1,1,0,1,0,0,0,0,1,1,1,1,1,1,0,0,0,0,0,1,0,1,0,1,0,1,0,0,0,0,0,1,1,1,0,0,0
"GR_47",0,0,0,0,0,0,0,0,1,1,0,0,0,1,1,0,0,1,0,0,0,0,1,0,0,1,1,0,0,1,0,1,0,0,0,0,0,0,0,0,1,0,0,0,0,0,0,0,0,0,0,0,1,0,0,0,0,1,0,1,1,1,0,0,0,0,0,0,0,0,0,1,1,0,0,0,0,0,0,0,1,0,1,0,0,0
"GR_48",0,0,1,0,0,0,0,0,1,1,0,0,0,1,1,0,0,0,0,1,0,0,0,0,1,1,1,0,0,1,0,1,0,0,0,0,1,0,0,0,0,0,0,0,0,0,0,0,0,0,0,0,0,0,0,0,0,1,0,1,1,1,0,0,0,0,0,0,0,0,0,0,0,0,0,0,0,0,1,0,1,1,0,0,0,0
"GR_49",0,0,0,0,0,0,0,0,0,1,0,0,0,1,0,0,0,0,0,1,0,0,0,0,1,1,1,0,0,1,0,0,0,0,0,0,1,1,1,0,0,0,1,1,0,0,1,1,0,0,0,0,1,0,0,0,0,1,1,1,0,0,1,0,0,0,0,0,1,0,0,1,1,0,0,0,0,0,0,0,1,1,0,0,0,0
"GR_5",0,0,0,1,0,0,0,0,1,0,0,0,1,1,1,0,0,1,0,1,1,0,1,0,1,1,1,0,0,1,1,1,0,0,0,1,0,1,0,1,1,1,0,0,0,0,1,0,0,0,0,0,1,0,1,0,1,1,1,1,1,1,1,0,1,0,0,0,1,0,1,0,0,1,1,0,0,0,0,0,1,1,1,1,0,0
"GR_50",0,1,0,0,0,0,1,0,1,1,0,0,1,1,1,0,0,1,0,1,0,0,0,0,0,1,1,0,0,1,1,0,0,0,0,1,0,1,0,0,0,0,0,0,0,0,1,1,0,1,0,0,1,1,1,0,0,0,0,0,1,1,1,0,0,0,0,0,0,0,0,0,0,0,1,0,0,0,1,0,1,1,1,0,0,0
"GR_51",0,1,0,0,0,0,0,0,1,1,1,0,1,1,1,0,0,1,0,0,1,0,1,0,0,1,1,0,0,1,1,1,0,0,1,0,1,1,1,0,0,1,1,0,0,0,0,0,0,1,1,0,1,1,0,0,0,0,1,1,1,1,1,0,0,0,0,0,0,0,0,1,1,0,1,0,0,0,1,0,1,1,0,0,0,0
"GR_52",0,1,0,0,0,0,1,0,1,1,1,0,1,1,0,0,0,1,0,1,1,0,1,0,0,1,1,0,1,1,1,1,0,1,0,0,0,1,1,1,0,1,0,1,0,0,1,1,0,1,0,0,1,1,1,0,1,1,0,1,1,1,1,0,0,0,0,0,1,1,0,1,1,0,1,0,0,0,1,0,1,1,1,0,0,0
"GR_53",0,1,0,0,0,0,0,0,1,1,0,0,0,1,0,0,0,0,0,0,1,0,0,0,0,1,1,1,0,0,0,1,0,0,0,0,0,1,0,0,1,0,0,0,0,0,1,0,0,0,0,0,0,0,0,0,1,1,0,0,1,1,0,0,0,0,0,0,0,0,0,0,0,0,0,0,0,0,1,0,0,0,0,0,0,0
"GR_54",0,1,0,0,1,1,0,0,1,1,1,0,1,1,1,1,0,1,0,1,0,0,1,0,0,0,0,0,0,1,1,1,0,0,0,1,1,1,1,1,0,1,1,1,0,1,0,1,0,1,1,1,1,0,0,0,0,1,1,1,1,1,0,0,1,0,1,0,1,1,0,0,1,0,1,1,0,0,1,1,1,1,1,1,0,0
"GR_55",0,0,0,0,0,0,0,0,0,1,0,0,0,0,1,0,0,0,0,1,0,0,1,0,0,1,1,0,0,0,0,1,0,0,0,0,1,0,0,0,0,0,1,0,1,0,0,1,0,0,0,0,0,0,0,0,0,0,0,0,0,1,1,0,0,0,0,0,0,1,0,0,0,0,0,0,0,0,0,0,1,1,0,0,0,0
"GR_56",0,0,0,0,0,0,0,0,0,1,0,0,0,1,1,0,0,1,0,0,1,0,1,0,1,1,1,0,0,1,0,1,0,0,0,0,0,0,0,0,0,0,0,0,0,0,0,0,0,0,0,0,1,0,0,0,0,0,0,0,0,1,0,0,0,0,0,0,0,0,0,0,0,0,0,0,0,0,0,0,0,1,1,0,0,0
"GR_57",0,0,0,0,0,1,0,0,1,1,1,0,0,1,1,0,0,1,0,1,1,0,1,0,1,1,1,0,0,1,0,1,0,0,0,0,0,0,0,1,0,0,0,0,0,0,0,1,0,0,0,0,1,0,0,0,0,0,0,0,0,1,0,0,0,0,0,0,0,1,0,0,1,0,0,0,0,0,0,0,0,1,0,0,1,0
"GR_58",0,0,1,0,0,0,0,0,1,1,0,0,0,1,1,0,0,1,0,1,1,0,1,0,1,1,1,1,0,1,0,1,0,0,0,0,1,0,0,1,0,0,0,0,0,0,0,1,0,1,0,0,1,0,0,0,1,0,0,0,1,1,0,0,0,0,0,0,0,1,0,1,1,0,1,0,0,0,0,0,0,0,0,0,0,0
"GR_59",1,0,0,0,0,0,0,1,0,1,0,0,0,1,1,0,0,1,0,1,0,0,1,0,0,1,1,0,0,1,0,1,0,0,0,0,1,0,0,1,1,0,0,0,1,0,0,0,0,0,0,0,1,0,0,0,1,0,0,1,1,1,1,0,0,1,0,0,0,1,0,0,0,0,0,0,0,0,1,0,1,1,1,0,0,0
"GR_6",0,0,1,0,0,0,0,0,1,0,0,0,0,1,1,0,0,1,0,1,1,0,0,0,1,1,1,0,0,1,0,0,0,1,0,0,1,0,0,0,1,0,0,0,0,0,0,0,0,0,0,0,1,0,0,0,1,0,0,0,1,1,0,0,1,0,0,0,0,0,1,0,0,0,0,0,0,0,0,0,1,1,0,1,0,0
"GR_60",0,1,0,0,0,0,0,0,1,1,0,0,0,1,1,0,0,1,0,1,0,0,1,0,1,1,1,0,0,1,0,1,0,0,0,0,1,0,1,0,0,0,0,0,0,0,0,0,0,1,0,0,1,0,0,0,1,0,0,1,1,1,0,0,0,0,0,0,0,0,0,0,0,0,1,0,0,0,1,0,1,1,1,0,0,0
"GR_62",0,1,1,0,0,0,0,0,1,1,0,0,0,1,1,0,0,1,0,1,0,0,1,0,1,1,1,0,0,1,1,1,0,0,0,0,1,0,1,1,1,0,0,0,0,1,0,1,0,1,0,0,0,0,0,0,0,0,0,1,0,1,1,0,0,0,1,0,0,1,0,1,0,0,1,0,0,0,1,0,0,1,1,0,0,0
"GR_63",0,0,1,0,0,1,0,0,1,1,1,0,0,1,1,0,0,0,0,1,0,0,1,0,1,1,1,0,0,1,0,1,0,0,0,0,1,0,1,0,0,1,0,0,0,0,0,0,0,1,1,0,1,0,0,0,0,0,0,1,0,1,1,0,0,0,0,0,0,1,0,1,1,0,1,0,0,0,0,0,1,1,1,0,0,0
"GR_64",0,0,0,0,0,0,0,0,1,0,1,0,0,1,0,0,0,1,0,1,0,0,1,0,0,1,1,0,0,0,0,1,0,0,0,0,1,1,0,0,0,1,0,0,0,0,1,0,0,0,0,0,0,0,0,0,0,0,0,1,1,1,0,0,0,0,0,0,0,0,0,0,0,0,1,0,0,0,1,0,1,1,0,0,0,0
"GR_65",0,0,0,0,1,0,0,0,0,1,0,0,1,1,1,0,1,1,0,1,0,0,1,0,0,1,1,0,0,1,0,1,1,1,1,0,1,1,1,0,0,0,1,1,0,0,0,0,0,1,0,0,1,0,0,0,1,0,1,1,1,1,1,1,0,0,0,0,0,1,0,0,1,0,1,1,0,0,0,1,1,1,1,0,0,0
"GR_66",0,1,1,0,0,0,0,0,1,1,1,0,0,1,1,0,0,1,1,1,0,0,1,0,0,1,1,0,1,1,1,1,0,0,0,0,0,0,1,0,1,0,1,0,0,1,0,1,0,1,1,0,1,1,1,0,0,1,0,1,0,1,0,0,0,1,0,0,0,1,0,1,1,0,1,0,1,0,1,0,1,1,1,0,0,0
"GR_67",0,1,1,0,0,0,0,0,0,1,1,0,1,1,1,0,0,1,0,1,0,0,1,0,0,1,0,0,0,1,0,1,0,0,0,0,1,0,0,0,0,0,1,0,0,1,0,0,0,1,1,0,1,0,0,0,0,1,0,1,1,1,1,0,1,0,0,0,0,1,0,1,1,0,1,0,0,0,0,1,1,1,0,0,0,0
"GR_68",0,1,0,0,0,0,0,0,0,0,0,0,0,1,0,0,0,0,0,0,0,0,0,1,0,1,1,1,0,0,0,0,0,0,0,0,0,1,0,0,0,0,0,0,0,0,0,0,0,0,0,0,0,0,0,0,0,0,0,0,0,0,0,0,0,0,0,0,0,0,0,0,0,0,0,0,0,0,0,0,0,0,0,0,0,0
"GR_7",0,0,1,0,0,0,0,0,1,1,1,0,1,1,1,0,0,1,0,1,1,0,1,0,1,1,1,0,0,1,0,1,0,0,0,0,1,0,0,1,1,1,1,0,0,0,0,1,0,0,0,0,1,1,0,1,0,1,0,1,1,1,0,0,0,0,0,1,0,0,1,1,0,0,1,0,0,0,0,0,1,1,0,0,0,0
"GR_70",0,0,0,0,0,0,0,0,1,1,0,0,0,0,1,0,0,0,0,0,0,0,1,0,0,1,1,0,0,1,0,1,0,0,0,0,0,1,0,0,0,0,1,0,0,0,0,0,0,0,1,0,1,0,0,0,0,0,0,0,0,1,0,0,0,0,0,0,0,1,0,0,1,0,0,0,0,0,0,0,1,1,0,0,0,0
"GR_71",0,0,0,0,0,0,0,0,0,1,1,0,0,1,1,0,0,0,0,1,0,0,1,0,1,1,1,0,0,1,0,1,0,0,0,0,1,0,0,0,0,0,0,0,0,0,0,1,0,0,0,0,1,0,0,0,0,0,0,0,0,1,1,0,0,0,0,0,0,1,0,0,0,0,1,0,0,0,0,1,0,1,0,0,0,0
"GR_72",0,1,1,1,0,0,0,0,1,1,0,0,1,1,1,0,0,1,0,1,0,0,1,0,1,1,0,0,0,1,0,1,0,0,0,1,1,0,1,1,0,0,0,1,0,0,0,0,0,1,0,0,0,1,1,0,1,0,0,1,0,1,1,0,1,0,0,0,0,1,1,0,1,0,1,1,0,0,0,0,1,0,0,0,0,0
"GR_73",0,0,0,0,0,0,0,1,1,1,1,0,0,1,1,0,0,1,0,1,0,0,1,0,1,1,1,0,0,0,1,1,0,0,0,0,1,1,1,1,0,0,1,0,0,1,0,0,0,0,0,0,1,0,0,0,0,0,0,1,1,1,1,0,0,0,0,0,0,0,0,0,0,0,0,0,0,0,1,0,0,0,1,0,0,0
"GR_74",0,0,1,0,0,0,0,1,1,1,1,0,0,1,0,0,0,1,0,1,0,1,1,0,1,1,1,0,0,1,1,1,0,0,0,0,1,0,0,0,1,1,0,0,1,0,0,0,0,1,1,0,1,0,0,0,1,0,0,1,1,1,0,0,0,0,0,0,0,1,0,1,1,0,1,0,0,0,0,0,1,0,1,0,0,0
"GR_75",0,1,0,0,0,0,0,0,0,1,0,0,0,1,1,0,0,1,0,1,1,0,1,0,1,1,1,0,0,1,0,1,0,0,1,0,1,0,0,1,0,0,0,0,0,1,0,1,0,1,1,0,1,0,0,0,1,1,0,0,1,1,1,0,0,0,0,0,0,1,0,1,1,0,0,0,0,0,0,0,1,0,0,0,0,0
"GR_76",0,1,0,0,0,0,0,0,1,1,1,0,0,1,1,0,1,1,0,1,1,0,1,0,1,1,1,0,0,1,1,1,0,0,0,0,0,0,0,0,1,1,1,0,0,1,0,0,0,0,1,0,1,0,1,0,0,0,0,1,1,1,0,0,0,0,0,1,0,1,0,0,1,0,1,0,0,0,1,0,0,1,0,0,0,0
"GR_77",0,0,0,0,0,0,0,0,0,0,0,0,0,1,1,0,0,1,0,1,0,0,1,0,1,1,1,0,0,1,0,1,0,0,0,0,1,0,0,0,0,0,0,0,0,0,0,0,0,0,0,0,1,0,0,1,0,0,0,1,0,1,1,0,0,0,0,0,0,0,0,1,1,0,1,0,0,1,0,0,1,1,0,0,0,0
"GR_78",0,0,1,0,0,0,0,0,1,1,1,0,0,0,1,0,0,1,0,1,1,0,1,0,1,1,1,0,0,1,0,1,0,0,0,0,1,0,0,1,0,0,1,0,0,0,0,0,0,1,0,0,1,0,0,0,0,0,0,0,1,1,1,0,0,0,0,0,0,1,0,1,0,0,0,0,0,0,1,0,1,0,0,0,0,0
"GR_79",0,0,1,0,0,0,0,1,1,1,0,0,0,1,1,0,0,1,1,1,0,0,1,0,1,1,1,0,0,1,0,1,0,0,1,0,1,0,1,1,1,0,1,0,1,1,0,0,0,1,1,0,1,0,0,0,0,1,0,1,1,1,1,0,0,0,0,0,0,1,0,0,1,0,1,0,0,0,0,1,1,1,0,0,0,0
"GR_8",0,0,0,0,0,0,1,1,1,0,1,0,0,1,1,0,0,1,0,1,0,1,1,0,1,1,1,0,0,1,0,1,0,0,0,0,1,1,0,0,1,1,1,0,0,0,1,1,0,0,0,0,1,0,1,1,0,0,0,1,1,1,0,0,0,0,1,0,0,1,1,1,0,0,1,0,0,0,1,1,1,1,1,1,0,0
"GR_80",0,1,1,0,0,0,0,0,0,0,0,0,1,1,1,0,0,1,0,1,1,0,1,0,1,0,1,0,0,1,1,1,0,0,0,0,1,0,1,0,0,0,1,0,0,0,0,0,0,1,0,0,1,0,0,0,0,0,1,1,0,1,1,0,0,0,0,0,0,1,0,1,0,0,1,0,0,0,0,1,1,1,0,0,0,0
"GR_81",0,1,0,1,0,0,0,0,1,1,1,0,0,1,0,0,1,1,0,1,0,0,0,0,0,1,1,0,0,1,1,1,0,0,0,0,1,1,0,0,0,1,0,0,0,0,0,0,0,0,1,0,0,1,1,0,1,1,1,1,1,1,0,0,0,0,0,0,0,0,0,1,1,0,1,0,0,0,1,0,1,1,1,0,0,0
"GR_82",0,0,0,0,0,0,0,0,0,0,0,0,0,1,0,0,0,0,0,0,0,0,1,0,0,1,0,0,0,0,0,1,0,0,0,0,0,0,0,0,0,0,1,0,0,0,0,0,0,1,0,0,0,0,0,0,0,0,0,0,0,1,0,0,0,0,0,0,0,1,0,0,1,0,0,0,0,0,0,1,0,0,0,0,0,0
"GR_83",0,0,0,0,0,0,0,1,1,0,1,0,1,1,1,0,0,1,0,1,0,0,1,0,0,1,1,0,0,1,1,1,0,0,0,0,1,1,1,1,1,0,0,1,0,0,1,0,1,0,0,0,1,0,0,0,1,0,0,1,1,1,1,0,1,1,0,0,1,1,0,0,0,0,0,0,0,0,1,0,0,1,1,0,0,0
"GR_86",0,0,0,0,0,0,0,0,0,1,0,0,0,0,1,0,0,0,0,1,0,0,1,0,0,1,1,0,0,1,0,1,0,0,0,0,1,0,1,0,0,0,1,0,0,0,0,0,0,0,0,0,1,0,0,0,0,0,0,1,0,1,1,0,0,0,0,0,0,1,0,1,1,0,0,0,0,0,0,1,1,0,0,0,0,0
"GR_87",0,0,0,0,0,0,0,0,0,0,0,0,0,0,1,0,0,0,0,1,1,0,0,0,1,1,0,0,0,0,0,0,0,0,0,0,0,1,0,0,0,0,1,0,0,0,0,0,0,0,0,0,0,0,0,0,0,0,0,0,0,1,1,0,0,0,0,0,0,0,0,0,0,0,0,0,0,0,0,0,0,0,0,0,0,0
"GR_88",0,0,0,0,0,0,0,1,0,1,0,0,0,1,1,0,0,0,0,0,0,0,0,0,1,1,0,0,0,1,0,1,0,0,0,0,0,0,0,0,0,0,0,1,1,0,0,0,0,0,0,0,0,0,0,0,0,1,0,0,0,0,1,0,0,0,0,0,0,0,0,0,1,0,1,0,0,0,0,0,0,1,0,0,1,0
"GR_89",0,0,1,0,1,0,1,0,0,1,1,0,1,1,1,0,0,1,0,1,0,1,1,0,1,1,0,0,0,1,0,1,0,0,0,0,1,1,0,1,0,0,1,0,0,1,0,0,0,1,0,0,1,0,0,0,0,0,1,1,1,1,1,0,0,1,0,0,0,1,0,0,1,0,1,0,0,0,0,1,1,1,0,0,0,0
"GR_9",0,0,1,0,0,1,1,0,1,0,1,0,1,1,1,0,0,1,0,1,0,1,1,1,1,1,1,0,0,1,0,1,0,1,0,0,1,1,0,0,1,1,1,0,0,0,0,0,0,0,0,0,1,1,0,1,1,1,0,1,1,1,1,0,0,0,0,0,1,1,1,1,0,1,1,0,0,0,0,0,1,1,1,0,0,0
"GR_91",0,1,1,0,0,0,0,1,1,1,1,0,0,0,1,0,0,0,0,0,1,0,1,1,1,1,1,0,0,1,0,1,0,0,0,0,1,0,0,0,0,1,1,0,0,0,0,0,0,1,0,0,1,0,0,0,1,0,0,1,1,1,1,0,0,0,0,0,1,1,0,1,0,0,0,0,0,1,1,0,1,0,0,0,0,0
"GR_92",0,0,0,0,0,0,0,0,1,0,1,0,0,0,1,0,0,1,0,1,1,0,0,0,1,1,1,0,0,0,1,1,0,0,0,0,1,0,1,0,0,0,1,0,0,1,0,0,0,0,0,0,1,0,1,0,0,1,1,1,0,1,1,0,0,0,0,0,0,1,0,0,0,0,0,0,0,0,0,0,0,0,0,0,0,0
"GR_94",0,0,0,0,0,0,0,0,1,1,1,0,1,1,1,0,0,1,0,1,0,0,1,0,0,1,0,0,0,0,0,1,0,0,0,0,1,0,0,1,1,0,1,0,0,0,0,0,0,1,0,0,1,0,0,1,0,0,0,1,0,1,1,0,0,0,0,1,0,1,0,0,1,0,0,0,0,0,1,1,1,0,0,0,0,0
"GR_95",0,0,1,0,0,0,0,0,1,1,1,0,0,0,1,0,0,1,0,1,0,0,0,0,0,0,0,0,0,0,0,1,0,0,1,0,1,0,1,0,0,1,1,0,0,0,0,0,0,1,0,0,0,0,0,0,0,0,0,1,1,1,1,0,0,0,0,0,0,1,0,0,0,0,1,0,0,0,0,1,1,1,0,0,0,0
"GR_96",0,0,1,0,0,0,0,1,1,1,1,0,1,0,1,1,0,1,0,1,0,1,1,0,0,0,1,0,0,1,0,1,1,0,1,0,1,1,0,1,1,0,1,0,0,0,0,0,0,1,1,0,1,0,0,0,0,0,0,1,0,1,1,0,0,0,0,0,0,1,0,0,1,0,1,0,0,0,1,1,1,1,0,0,0,0
"GR_97",0,1,0,0,0,0,0,0,1,0,0,0,0,1,1,0,0,0,0,1,0,0,0,0,0,1,1,0,0,0,0,0,0,0,0,0,0,1,0,0,0,0,0,0,0,0,1,0,0,0,0,0,0,0,1,0,0,1,0,1,1,1,0,0,0,0,0,0,0,0,0,0,0,0,0,0,0,0,1,0,1,1,1,0,0,0
"GR_98",0,0,0,0,0,0,0,1,1,1,1,0,1,1,1,0,0,1,0,1,0,1,1,0,0,1,1,0,0,1,1,1,0,0,0,0,1,1,0,1,0,0,1,0,1,0,0,0,0,1,1,1,0,0,0,0,0,0,0,1,0,1,1,0,1,0,0,0,0,1,0,0,1,0,1,0,0,0,0,1,1,0,0,0,0,0
"GR_99",0,0,0,0,0,0,0,0,0,1,0,0,1,1,1,1,0,1,0,1,1,0,1,0,0,0,0,0,0,0,0,1,0,0,0,0,1,1,0,1,0,0,0,0,0,0,0,1,0,1,0,0,0,0,0,0,0,0,0,0,0,1,1,0,0,0,0,0,0,1,0,0,1,0,0,0,0,0,0,1,0,1,0,0,0,0
